date,temperature_mean_c,temperature_max_c,temperature_min_c
2025-01-01,0.7,6.8,-3.4
2025-01-02,-1.1,4.2,-4.1
2025-01-03,-2.6,1.1,-5.5
2025-01-04,-1.9,2.8,-5.4
2025-01-05,0.5,3.1,-1.7
2025-01-06,-1.6,1.3,-5.2
2025-01-07,-4.6,-0.1,-10.0
2025-01-08,-4.2,0.1,-6.8
2025-01-09,-10.6,-7.4,-12.4
2025-01-10,-8.7,-3.7,-12.4
2025-01-11,-6.3,-2.4,-10.1
2025-01-12,-3.8,1.1,-7.6
2025-01-13,-1.2,4.0,-5.0
2025-01-14,0.9,5.3,-2.4
2025-01-15,-4.3,-2.5,-6.1
2025-01-16,-1.6,2.3,-5.1
2025-01-17,-2.7,3.2,-6.9
2025-01-18,-1.0,4.5,-4.2
2025-01-19,0.7,6.2,-2.9
2025-01-20,1.4,4.9,-1.0
2025-01-21,0.1,5.1,-2.9
2025-01-22,0.8,4.7,-2.0
2025-01-23,-0.6,4.5,-3.6
2025-01-24,0.6,7.4,-3.2
2025-01-25,2.6,7.9,-0.5
2025-01-26,2.1,5.7,-0.8
2025-01-27,-0.8,1.8,-4.5
2025-01-28,-5.4,-4.5,-6.3
2025-01-29,-6.7,-4.5,-9.0
2025-01-30,-5.1,-1.4,-8.8
2025-01-31,-1.9,-0.2,-3.9
2025-02-01,0.3,7.1,-4.7
2025-02-02,0.0,5.1,-3.7
2025-02-03,-5.4,-0.9,-9.1
2025-02-04,-10.2,-6.7,-13.7
2025-02-05,-9.1,-4.6,-11.9
2025-02-06,-6.5,-1.2,-11.6
2025-02-07,-9.7,-8.3,-11.9
2025-02-08,-9.0,-4.2,-12.8
2025-02-09,-6.7,-1.0,-11.3
2025-02-10,-5.1,0.4,-9.6
2025-02-11,-2.1,4.6,-8.1
2025-02-12,-0.4,2.4,-3.8
2025-02-13,-1.3,4.1,-7.0
2025-02-14,1.6,8.0,-2.4
2025-02-15,1.2,6.4,-2.9
2025-02-16,2.4,8.5,-1.4
2025-02-17,-1.6,1.8,-4.0
2025-02-18,-3.0,0.9,-5.4
2025-02-19,-3.8,0.2,-7.0
2025-02-20,-3.4,1.1,-6.3
2025-02-21,-3.2,1.6,-6.4
2025-02-22,-3.0,1.5,-6.0
2025-02-23,-3.9,0.1,-6.4
2025-02-24,-2.1,3.5,-5.7
2025-02-25,1.1,5.5,-2.8
2025-02-26,1.4,7.1,-3.5
2025-02-27,2.9,10.7,-2.9
2025-02-28,4.5,9.4,0.8
2025-03-01,3.9,10.4,-0.6
2025-03-02,5.2,12.1,1.5
2025-03-03,1.5,4.8,-0.7
2025-03-04,1.1,2.7,-0.4
2025-03-05,2.9,6.6,0.9
2025-03-06,3.1,8.9,-1.9
2025-03-07,2.7,8.3,-2.6
2025-03-08,4.1,8.6,0.7
2025-03-09,3.9,10.3,-1.9
2025-03-10,5.1,12.3,-1.0
2025-03-11,6.2,13.2,-0.4
2025-03-12,6.8,10.8,3.5
2025-03-13,7.2,13.6,1.1
2025-03-14,10.0,16.9,3.2
2025-03-15,9.6,15.1,4.9
2025-03-16,4.4,7.8,0.3
2025-03-17,0.9,4.9,-3.5
2025-03-18,0.8,4.1,-1.6
2025-03-19,0.7,5.3,-3.9
2025-03-20,5.2,13.1,-1.3
2025-03-21,8.4,15.6,3.1
2025-03-22,10.1,17.0,4.6
2025-03-23,12.1,21.3,4.4
2025-03-24,12.8,18.6,9.3
2025-03-25,10.7,20.4,7.2
2025-03-26,13.0,22.9,3.6
2025-03-27,13.0,19.7,7.3
2025-03-28,6.2,11.1,2.3
2025-03-29,2.2,6.5,-1.0
2025-03-30,1.8,6.2,-3.0
2025-03-31,5.2,12.0,-1.0
2025-04-01,8.0,15.1,1.4
2025-04-02,7.0,13.4,2.8
2025-04-03,8.0,15.4,1.4
2025-04-04,9.2,14.4,4.6
2025-04-05,7.1,9.0,5.4
2025-04-06,8.2,13.7,4.2
2025-04-07,10.8,18.8,3.4
2025-04-08,12.0,17.7,6.5
2025-04-09,10.6,17.0,5.7
2025-04-10,11.6,18.9,5.4
2025-04-11,14.4,22.7,6.1
2025-04-12,13.7,23.4,1.7
2025-04-13,4.1,6.9,1.0
2025-04-14,4.5,8.4,2.0
2025-04-15,6.2,12.8,0.0
2025-04-16,11.7,20.4,4.0
2025-04-17,17.1,23.2,11.7
2025-04-18,16.0,21.3,12.8
2025-04-19,13.6,17.9,10.5
2025-04-20,15.1,22.0,10.0
2025-04-21,17.9,24.5,11.8
2025-04-22,16.5,17.7,14.9
2025-04-23,14.9,21.0,9.2
2025-04-24,12.7,17.7,8.6
2025-04-25,10.6,16.0,5.8
2025-04-26,11.4,16.7,5.7
2025-04-27,12.5,17.1,8.2
2025-04-28,12.7,18.9,7.8
2025-04-29,12.2,18.0,6.7
2025-04-30,15.6,23.4,8.5
2025-05-01,13.0,14.6,10.5
2025-05-02,12.2,17.6,7.3
2025-05-03,10.5,13.0,9.0
2025-05-04,12.1,17.6,7.5
2025-05-05,10.8,13.6,7.2
2025-05-06,12.7,18.3,6.7
2025-05-07,13.0,18.3,8.2
2025-05-08,15.3,22.5,8.5
2025-05-09,14.2,15.2,13.4
2025-05-10,12.4,14.3,10.9
2025-05-11,13.6,19.1,8.9
2025-05-12,15.2,21.2,8.7
2025-05-13,18.0,24.1,13.1
2025-05-14,18.9,25.7,12.3
2025-05-15,18.2,22.7,15.7
2025-05-16,18.3,23.0,15.8
2025-05-17,17.5,23.2,14.2
2025-05-18,14.1,19.5,9.8
2025-05-19,15.1,19.6,9.9
2025-05-20,20.5,25.5,16.3
2025-05-21,23.5,29.5,19.1
2025-05-22,21.9,26.8,18.4
2025-05-23,19.6,23.9,14.7
2025-05-24,15.2,17.5,13.6
2025-05-25,16.0,21.1,10.7
2025-05-26,18.6,25.9,12.2
2025-05-27,19.9,27.0,13.5
2025-05-28,19.4,26.4,14.3
2025-05-29,20.6,26.5,14.6
2025-05-30,22.6,28.5,16.4
2025-05-31,22.1,28.8,16.6
2025-06-01,22.6,29.5,16.6
2025-06-02,20.8,23.9,19.1
2025-06-03,20.7,25.3,16.9
2025-06-04,20.3,25.1,15.2
2025-06-05,21.3,27.2,15.3
2025-06-06,23.5,29.9,18.7
2025-06-07,22.9,27.8,18.8
2025-06-08,24.6,31.0,20.3
2025-06-09,23.4,29.8,19.6
2025-06-10,21.2,25.2,19.0
2025-06-11,22.0,28.0,16.1
2025-06-12,25.1,33.1,18.0
2025-06-13,23.9,28.7,20.2
2025-06-14,25.1,33.0,19.7
2025-06-15,25.4,32.9,19.5
2025-06-16,22.7,26.0,20.6
2025-06-17,23.6,28.1,19.6
2025-06-18,24.6,30.0,20.1
2025-06-19,26.9,34.6,21.2
2025-06-20,23.0,25.2,21.7
2025-06-21,21.2,23.8,19.8
2025-06-22,21.4,25.8,17.0
2025-06-23,23.5,29.3,17.9
2025-06-24,24.0,27.4,21.3
2025-06-25,20.9,23.7,19.3
2025-06-26,21.8,24.5,19.5
2025-06-27,23.1,27.5,19.4
2025-06-28,24.8,28.6,22.2
2025-06-29,25.8,29.4,23.2
2025-06-30,26.3,29.6,23.5
2025-07-01,26.3,29.2,24.4
2025-07-02,26.1,28.9,24.7
2025-07-03,26.5,30.2,24.4
2025-07-04,26.0,29.3,23.9
2025-07-05,26.8,30.7,24.2
2025-07-06,27.2,31.6,24.4
2025-07-07,27.9,33.2,24.7
2025-07-08,30.0,35.5,25.3
2025-07-09,30.8,35.9,26.2
2025-07-10,30.7,36.7,25.7
2025-07-11,29.4,36.5,22.6
2025-07-12,30.3,37.0,23.3
2025-07-13,27.3,31.2,24.3
2025-07-14,23.7,28.9,21.1
2025-07-15,22.2,24.5,21.0
2025-07-16,22.4,24.5,21.0
2025-07-17,23.4,26.8,21.9
2025-07-18,24.0,27.4,21.9
2025-07-19,23.8,28.0,21.7
2025-07-20,26.5,30.4,23.0
2025-07-21,26.9,29.9,24.7
2025-07-22,26.9,30.5,23.8
2025-07-23,27.3,31.2,23.7
2025-07-24,27.9,32.3,23.9
2025-07-25,29.8,35.7,24.1
2025-07-26,32.1,37.8,27.2
2025-07-27,32.8,38.4,27.8
2025-07-28,31.9,36.8,27.7
2025-07-29,32.5,38.5,27.6
2025-07-30,32.2,38.0,27.8
2025-07-31,31.7,35.7,28.2
2025-08-01,31.3,36.4,27.1
2025-08-02,31.2,36.3,26.9
2025-08-03,30.0,33.3,25.5
2025-08-04,26.9,32.3,22.2
2025-08-05,27.0,30.7,23.8
2025-08-06,25.8,28.9,24.6
2025-08-07,26.3,30.0,22.7
2025-08-08,25.6,29.6,21.7
2025-08-09,24.3,26.3,22.7
2025-08-10,25.6,30.4,20.9
2025-08-11,25.4,28.2,23.4
2025-08-12,26.6,32.0,21.8
2025-08-13,24.7,27.2,22.9
2025-08-14,24.9,27.4,23.2
2025-08-15,26.4,30.1,23.6
2025-08-16,26.9,30.7,24.5
2025-08-17,26.6,30.2,23.8
2025-08-18,27.2,30.7,24.6
2025-08-19,27.4,30.4,25.4
2025-08-20,27.4,30.9,24.5
2025-08-21,28.2,32.0,25.5
2025-08-22,28.1,32.1,24.8
2025-08-23,29.0,33.4,25.1
2025-08-24,30.0,35.2,25.8
2025-08-25,28.5,33.0,24.8
2025-08-26,25.9,29.5,23.6
2025-08-27,25.8,30.4,22.2
2025-08-28,26.5,30.1,23.9
2025-08-29,27.1,30.6,23.8
2025-08-30,26.8,31.0,23.6
2025-08-31,26.4,29.8,24.1
2025-09-01,24.8,28.0,23.1
2025-09-02,24.2,28.5,19.8
2025-09-03,25.7,30.3,21.2
2025-09-04,24.7,28.6,22.6
2025-09-05,26.2,31.1,22.0
2025-09-06,25.7,29.9,23.8
2025-09-07,24.1,27.3,21.9
2025-09-08,23.1,26.6,20.5
2025-09-09,23.1,26.1,20.9
2025-09-10,23.3,29.3,18.3
2025-09-11,23.9,29.6,19.0
2025-09-12,22.5,26.1,20.1
2025-09-13,22.6,26.3,20.1
2025-09-14,23.3,27.6,20.2
2025-09-15,24.0,28.6,19.7
2025-09-16,23.3,27.1,20.9
2025-09-17,22.1,24.2,20.3
2025-09-18,21.2,24.9,18.2
2025-09-19,18.8,20.4,17.6
2025-09-20,19.1,22.6,16.8
2025-09-21,20.1,25.6,15.6
2025-09-22,19.6,23.8,16.4
2025-09-23,20.6,24.9,17.3
2025-09-24,20.8,24.2,18.5
2025-09-25,21.5,25.4,18.6
2025-09-26,20.4,25.0,16.9
2025-09-27,21.4,26.7,16.7
2025-09-28,20.1,22.7,18.2
2025-09-29,19.2,23.2,16.1
2025-09-30,18.7,22.2,16.2
2025-10-01,18.8,23.5,14.9
2025-10-02,20.4,25.0,16.5
2025-10-03,20.4,23.7,18.1
2025-10-04,21.0,23.3,19.3
2025-10-05,20.6,22.1,19.1
2025-10-06,18.0,20.0,15.5
2025-10-07,18.3,20.7,15.8
2025-10-08,20.4,26.4,16.1
2025-10-09,19.1,21.4,17.6
2025-10-10,17.0,18.5,15.8
2025-10-11,20.0,24.5,16.8
2025-10-12,18.3,21.7,15.9
2025-10-13,15.8,17.9,13.3
2025-10-14,16.5,19.8,13.9
2025-10-15,18.8,24.0,15.6
2025-10-16,19.4,23.6,16.8
2025-10-17,18.5,23.1,14.8
2025-10-18,15.6,17.5,12.7
2025-10-19,14.0,18.0,8.4
2025-10-20,9.3,14.7,5.2
2025-10-21,8.5,13.8,4.3
2025-10-22,11.4,17.7,5.0
2025-10-23,13.9,18.6,10.7
2025-10-24,14.4,19.3,11.1
2025-10-25,13.2,16.7,10.5
2025-10-26,12.1,14.5,10.4
2025-10-27,6.6,9.7,2.4
2025-10-28,6.4,11.5,1.4
2025-10-29,9.2,15.3,4.6
2025-10-30,10.6,16.3,5.7
2025-10-31,12.8,18.1,9.0
2025-11-01,11.7,15.4,9.1
2025-11-02,7.5,10.3,2.8
2025-11-03,5.0,11.3,-0.4
2025-11-04,7.8,13.6,3.2
2025-11-05,9.5,16.3,4.2
2025-11-06,10.6,16.7,4.8
2025-11-07,11.7,18.0,6.8
2025-11-08,12.2,15.2,10.2
2025-11-09,11.7,15.9,8.6
2025-11-10,7.4,10.2,4.7
2025-11-11,7.4,13.0,2.6
2025-11-12,8.6,14.8,3.5
2025-11-13,9.4,15.9,4.7
2025-11-14,7.3,12.8,2.9
2025-11-15,7.4,14.0,1.8
2025-11-16,9.4,15.7,3.3
2025-11-17,3.2,8.8,-0.8
2025-11-18,0.6,4.4,-2.9
2025-11-19,1.4,5.8,-2.3
2025-11-20,5.7,12.9,0.6
2025-11-21,5.7,10.6,0.3
2025-11-22,7.6,13.1,2.4
2025-11-23,9.0,13.3,4.8
2025-11-24,10.9,15.7,8.2
2025-11-25,6.6,8.7,4.0
2025-11-26,4.7,8.5,1.8
2025-11-27,4.5,9.0,2.2
2025-11-28,1.2,4.9,-2.0
2025-11-29,3.8,9.4,-1.3
2025-11-30,10.1,14.8,6.5
2025-12-01,4.7,10.3,1.0
2025-12-02,-1.0,1.5,-6.2
2025-12-03,-6.8,-4.0,-8.6
2025-12-04,-5.3,0.0,-10.0
2025-12-05,-5.4,-0.7,-10.7
2025-12-06,0.3,4.3,-3.6
2025-12-07,4.3,10.7,-1.1
2025-12-08,1.1,4.8,-1.9
2025-12-09,0.3,5.6,-3.6
2025-12-10,2.5,7.7,-1.5
2025-12-11,2.5,6.7,-3.7
2025-12-12,-0.1,5.0,-4.2
2025-12-13,0.9,2.2,-1.7
2025-12-14,-1.0,2.1,-3.3
2025-12-15,-0.6,4.3,-4.2
2025-12-16,1.0,2.9,-0.2
2025-12-17,1.5,5.5,-1.7
2025-12-18,-0.2,4.8,-3.3
2025-12-19,1.2,6.8,-2.4
2025-12-20,5.3,9.2,0.3
2025-12-21,-2.4,0.2,-4.5
2025-12-22,-2.6,2.3,-6.1
2025-12-23,0.2,2.2,-1.8
2025-12-24,0.5,3.1,-2.5
2025-12-25,-4.5,-1.2,-9.5
2025-12-26,-9.3,-5.8,-12.2
2025-12-27,-4.2,2.2,-8.8
2025-12-28,0.6,5.9,-3.6
2025-12-29,3.1,8.0,-1.9
2025-12-30,-1.9,1.7,-4.5
2025-12-31,-6.1,-2.2,-8.8
