date,value,memo
2025-01-01,2.6,알고리즘
2025-01-02,2.8,영어 복습
2025-01-03,2.9,프로젝트
2025-01-04,2.0,강의 수강
2025-01-05,2.2,주간 복습
2025-01-06,3.4,알고리즘
2025-01-07,3.5,영어 복습
2025-01-08,3.7,프로젝트
2025-01-09,3.8,강의 수강
2025-01-10,2.6,주간 복습
2025-01-11,1.8,알고리즘
2025-01-12,1.9,영어 복습
2025-01-13,3.0,프로젝트
2025-01-14,3.2,강의 수강
2025-01-15,3.4,주간 복습
2025-01-16,3.5,알고리즘
2025-01-17,3.7,영어 복습
2025-01-18,2.8,프로젝트
2025-01-19,1.6,강의 수강
2025-01-20,2.8,주간 복습
2025-01-21,2.9,알고리즘
2025-01-22,3.0,영어 복습
2025-01-23,3.2,프로젝트
2025-01-24,3.4,강의 수강
2025-01-25,2.5,주간 복습
2025-01-26,2.7,알고리즘
2025-01-27,3.8,영어 복습
2025-01-28,2.6,프로젝트
2025-01-29,2.8,강의 수강
2025-01-30,2.9,주간 복습
2025-01-31,3.0,알고리즘
2025-02-01,2.2,영어 복습
2025-02-02,2.4,프로젝트
2025-02-03,3.5,강의 수강
2025-02-04,3.7,주간 복습
2025-02-05,3.8,알고리즘
2025-02-06,2.6,영어 복습
2025-02-07,2.8,프로젝트
2025-02-08,1.9,강의 수강
2025-02-09,2.0,주간 복습
2025-02-10,3.2,알고리즘
2025-02-11,3.4,영어 복습
2025-02-12,3.5,프로젝트
2025-02-13,3.7,강의 수강
2025-02-14,3.8,주간 복습
2025-02-15,1.6,알고리즘
2025-02-16,1.8,영어 복습
2025-02-17,2.9,프로젝트
2025-02-18,3.0,강의 수강
2025-02-19,3.2,주간 복습
2025-02-20,3.4,알고리즘
2025-02-21,3.5,영어 복습
2025-02-22,2.7,프로젝트
2025-02-23,2.8,강의 수강
2025-02-24,2.6,주간 복습
2025-02-25,2.8,알고리즘
2025-02-26,2.9,영어 복습
2025-02-27,3.0,프로젝트
2025-02-28,3.2,강의 수강
2025-03-01,2.4,주간 복습
2025-03-02,2.5,알고리즘
2025-03-03,3.7,영어 복습
2025-03-04,3.8,프로젝트
2025-03-05,2.6,강의 수강
2025-03-06,2.8,주간 복습
2025-03-07,2.9,알고리즘
2025-03-08,2.0,영어 복습
2025-03-09,2.2,프로젝트
2025-03-10,3.4,강의 수강
2025-03-11,3.5,주간 복습
2025-03-12,3.7,알고리즘
2025-03-13,3.8,영어 복습
2025-03-14,2.6,프로젝트
2025-03-15,1.8,강의 수강
2025-03-16,1.9,주간 복습
2025-03-17,3.0,알고리즘
2025-03-18,3.2,영어 복습
2025-03-19,3.4,프로젝트
2025-03-20,3.5,강의 수강
2025-03-21,3.7,주간 복습
2025-03-22,2.8,알고리즘
2025-03-23,1.6,영어 복습
2025-03-24,2.8,프로젝트
2025-03-25,2.9,강의 수강
2025-03-26,3.0,주간 복습
2025-03-27,3.2,알고리즘
2025-03-28,3.4,영어 복습
2025-03-29,2.5,프로젝트
2025-03-30,2.7,강의 수강
2025-03-31,3.8,주간 복습
2025-04-01,2.6,알고리즘
2025-04-02,2.8,영어 복습
2025-04-03,2.9,프로젝트
2025-04-04,3.0,강의 수강
2025-04-05,2.2,주간 복습
2025-04-06,2.4,알고리즘
2025-04-07,3.5,영어 복습
2025-04-08,3.7,프로젝트
2025-04-09,3.8,강의 수강
2025-04-10,2.6,주간 복습
2025-04-11,2.8,알고리즘
2025-04-12,1.9,영어 복습
2025-04-13,2.0,프로젝트
2025-04-14,3.2,강의 수강
2025-04-15,3.4,주간 복습
2025-04-16,3.5,알고리즘
2025-04-17,3.7,영어 복습
2025-04-18,3.8,프로젝트
2025-04-19,1.6,강의 수강
2025-04-20,1.8,주간 복습
2025-04-21,2.9,알고리즘
2025-04-22,3.0,영어 복습
2025-04-23,3.2,프로젝트
2025-04-24,3.4,강의 수강
2025-04-25,3.5,주간 복습
2025-04-26,2.7,알고리즘
2025-04-27,2.8,영어 복습
2025-04-28,2.6,프로젝트
2025-04-29,2.8,강의 수강
2025-04-30,2.9,주간 복습
2025-05-01,3.0,알고리즘
2025-05-02,3.2,영어 복습
2025-05-03,2.4,프로젝트
2025-05-04,2.5,강의 수강
2025-05-05,3.7,주간 복습
2025-05-06,3.8,알고리즘
2025-05-07,2.6,영어 복습
2025-05-08,2.8,프로젝트
2025-05-09,2.9,강의 수강
2025-05-10,2.0,주간 복습
2025-05-11,2.2,알고리즘
2025-05-12,3.4,영어 복습
2025-05-13,3.5,프로젝트
2025-05-14,3.7,강의 수강
2025-05-15,3.8,주간 복습
2025-05-16,2.6,알고리즘
2025-05-17,1.8,영어 복습
2025-05-18,1.9,프로젝트
2025-05-19,3.0,강의 수강
2025-05-20,3.2,주간 복습
